panelName,sampleTypes,tests,isActive,sortOrder,localization:en
# tests column uses plain test names, one per member, deduplicated (rewritten 21 Sep 2026).
# Since OGC-1193/OGC-1194 panels resolve plain names; the previous augmented Test(SampleType)
# form is kept beside this file as panels-cphl.csv.augmented-backup.
AST - Acinetobacter,Biopsy|Blood Culture|Bronchial Aspirate|Bronchial Lavage|Cerebrospinal Fluid (CSF)|Cervical Swab|Endotracheal (ET) Aspirate|Faeces|Fine Needle Aspirate (FNA)|Food (Cooked)|Food (Raw)|Gastric Aspirate|Genital Swab|High Vaginal Swab|IDC|In/Out Urine|Isolate|Low Vaginal Swab|Lymph Node|MSU|Nasopharyngeal Aspirate (NPA)|Nasopharyngeal Swab|Oropharyngeal Swab|Pericardial Effusion|Pericardial Fluid|Peritoneal Fluid|Pus/Wound Swab|Sputum|Stool|Throat Swab|Tissue|Tongue Swab|Ulcer Swab|Urethral Swab|Urine|Water (Treated)|Water (Untreated - Raw)|Whole Blood,Amikacin AK|Amikacin AK Zone Diameter mm|Ciprofloxacin CIP|Ciprofloxacin CIP Zone Diameter mm|Gentamicin CN|Gentamicin CN Zone Diameter mm|Meropenem MEM|Meropenem MEM Zone Diameter mm|Tobramycin TOB|Tobramycin TOB Zone Diameter mm|Trimethoprim-sulfamethoxazole SXT|Trimethoprim-sulfamethoxazole SXT Zone Diameter mm,Y,1,AST - Acinetobacter
AST-B.cepacia cx,Biopsy|Blood Culture|Bronchial Aspirate|Bronchial Lavage|Cerebrospinal Fluid (CSF)|Cervical Swab|Endotracheal (ET) Aspirate|Faeces|Fine Needle Aspirate (FNA)|Food (Cooked)|Food (Raw)|Gastric Aspirate|Genital Swab|High Vaginal Swab|IDC|In/Out Urine|Isolate|Low Vaginal Swab|Lymph Node|MSU|Nasopharyngeal Aspirate (NPA)|Nasopharyngeal Swab|Oropharyngeal Swab|Pericardial Effusion|Pericardial Fluid|Peritoneal Fluid|Pus/Wound Swab|Sputum|Stool|Throat Swab|Tissue|Tongue Swab|Ulcer Swab|Urethral Swab|Urine|Water (Treated)|Water (Untreated - Raw)|Whole Blood,Amox-clav AMC|Amox-clav AMC Zone Diameter mm|Ceftazidime CAZ|Ceftazidime CAZ Zone Diameter mm|Chloramphenicol C|Chloramphenicol C Zone Diameter mm|Meropenem MEM|Meropenem MEM Zone Diameter mm|Trimethoprim-sulfamethoxazole SXT|Trimethoprim-sulfamethoxazole SXT Zone Diameter mm,Y,2,AST - B.cepacia complex
AST - B.pseudomallei,Biopsy|Blood Culture|Bronchial Aspirate|Bronchial Lavage|Cerebrospinal Fluid (CSF)|Cervical Swab|Endotracheal (ET) Aspirate|Faeces|Fine Needle Aspirate (FNA)|Food (Cooked)|Food (Raw)|Gastric Aspirate|Genital Swab|High Vaginal Swab|IDC|In/Out Urine|Isolate|Low Vaginal Swab|Lymph Node|MSU|Nasopharyngeal Aspirate (NPA)|Nasopharyngeal Swab|Oropharyngeal Swab|Pericardial Effusion|Pericardial Fluid|Peritoneal Fluid|Pus/Wound Swab|Sputum|Stool|Throat Swab|Tissue|Tongue Swab|Ulcer Swab|Urethral Swab|Urine|Water (Treated)|Water (Untreated - Raw)|Whole Blood,Amox-clav AMC|Amox-clav AMC Zone Diameter mm|Ceftazidime CAZ|Ceftazidime CAZ Zone Diameter mm|Chloramphenicol C|Chloramphenicol C Zone Diameter mm|Meropenem MEM|Meropenem MEM Zone Diameter mm|Trimethoprim-sulfamethoxazole SXT|Trimethoprim-sulfamethoxazole SXT Zone Diameter mm,Y,3,AST - B.pseudomallei
AST - Enterococcus,Biopsy|Blood Culture|Bronchial Aspirate|Bronchial Lavage|Cerebrospinal Fluid (CSF)|Cervical Swab|Endotracheal (ET) Aspirate|Faeces|Fine Needle Aspirate (FNA)|Food (Cooked)|Food (Raw)|Gastric Aspirate|Genital Swab|High Vaginal Swab|IDC|In/Out Urine|Isolate|Low Vaginal Swab|Lymph Node|MSU|Nasopharyngeal Aspirate (NPA)|Nasopharyngeal Swab|Oropharyngeal Swab|Pericardial Effusion|Pericardial Fluid|Peritoneal Fluid|Pus/Wound Swab|Sputum|Stool|Throat Swab|Tissue|Tongue Swab|Ulcer Swab|Urethral Swab|Urine|Water (Treated)|Water (Untreated - Raw)|Whole Blood,Amoxicillin AMX|Amoxicillin AMX Zone Diameter mm|Ampicillin AMP|Ampicillin AMP Zone Diameter mm|Nitrofurantoin F|Nitrofurantoin F Zone Diameter mm|Vancomycin VA|Vancomycin VA Zone Diameter mm,Y,4,AST - Enterococcus
AST-GN rods,Biopsy|Blood Culture|Bronchial Aspirate|Bronchial Lavage|Cerebrospinal Fluid (CSF)|Cervical Swab|Endotracheal (ET) Aspirate|Faeces|Fine Needle Aspirate (FNA)|Food (Cooked)|Food (Raw)|Gastric Aspirate|Genital Swab|High Vaginal Swab|IDC|In/Out Urine|Isolate|Low Vaginal Swab|Lymph Node|MSU|Nasopharyngeal Aspirate (NPA)|Nasopharyngeal Swab|Oropharyngeal Swab|Pericardial Effusion|Pericardial Fluid|Peritoneal Fluid|Pus/Wound Swab|Sputum|Stool|Throat Swab|Tissue|Tongue Swab|Ulcer Swab|Urethral Swab|Urine|Water (Treated)|Water (Untreated - Raw)|Whole Blood,Amikacin AK|Amikacin AK Zone Diameter mm|Amox-clav AMC|Amox-clav AMC Zone Diameter mm|Ceftazidime CAZ|Ceftazidime CAZ Zone Diameter mm|Ceftriaxone CRO|Ceftriaxone CRO Zone Diameter mm|Chloramphenicol C|Chloramphenicol C Zone Diameter mm|Ciprofloxacin CIP|Ciprofloxacin CIP Zone Diameter mm|Gentamicin CN|Gentamicin CN Zone Diameter mm|Nitrofurantoin F|Nitrofurantoin F Zone Diameter mm|Piperacillin-tazobactam TZP|Piperacillin-tazobactam TZP Zone Diameter mm|Trimethoprim-sulfamethoxazole SXT|Trimethoprim-sulfamethoxazole SXT Zone Diameter mm,Y,5,AST - Gram Negative Rods
AST - H.influenzae,Biopsy|Blood Culture|Bronchial Aspirate|Bronchial Lavage|Cerebrospinal Fluid (CSF)|Cervical Swab|Endotracheal (ET) Aspirate|Faeces|Fine Needle Aspirate (FNA)|Food (Cooked)|Food (Raw)|Gastric Aspirate|Genital Swab|High Vaginal Swab|IDC|In/Out Urine|Isolate|Low Vaginal Swab|Lymph Node|MSU|Nasopharyngeal Aspirate (NPA)|Nasopharyngeal Swab|Oropharyngeal Swab|Pericardial Effusion|Pericardial Fluid|Peritoneal Fluid|Pus/Wound Swab|Sputum|Stool|Throat Swab|Tissue|Tongue Swab|Ulcer Swab|Urethral Swab|Urine|Water (Treated)|Water (Untreated - Raw)|Whole Blood,Amox-clav AMC|Amox-clav AMC Zone Diameter mm|Amoxicillin AMX|Amoxicillin AMX Zone Diameter mm|Ampicillin AMP|Ampicillin AMP Zone Diameter mm|Ceftriaxone CRO|Ceftriaxone CRO Zone Diameter mm|Chloramphenicol C|Chloramphenicol C Zone Diameter mm|CRO E-test MIC|Penicillin PEN|Penicillin PEN Zone Diameter mm|Tetracycline TE|Tetracycline TE Zone Diameter mm|Trimethoprim-sulfamethoxazole SXT|Trimethoprim-sulfamethoxazole SXT Zone Diameter mm,Y,6,AST - H.influenzae
AST-MDR GN,Biopsy|Blood Culture|Bronchial Aspirate|Bronchial Lavage|Cerebrospinal Fluid (CSF)|Cervical Swab|Endotracheal (ET) Aspirate|Faeces|Fine Needle Aspirate (FNA)|Food (Cooked)|Food (Raw)|Gastric Aspirate|Genital Swab|High Vaginal Swab|IDC|In/Out Urine|Isolate|Low Vaginal Swab|Lymph Node|MSU|Nasopharyngeal Aspirate (NPA)|Nasopharyngeal Swab|Oropharyngeal Swab|Pericardial Effusion|Pericardial Fluid|Peritoneal Fluid|Pus/Wound Swab|Sputum|Stool|Throat Swab|Tissue|Tongue Swab|Ulcer Swab|Urethral Swab|Urine|Water (Treated)|Water (Untreated - Raw)|Whole Blood,Amikacin AK|Amikacin AK Zone Diameter mm|Ceftazidime CAZ|Ceftazidime CAZ Zone Diameter mm|Chloramphenicol C|Chloramphenicol C Zone Diameter mm|Meropenem MEM|Meropenem MEM Zone Diameter mm|Piperacillin-tazobactam TZP|Piperacillin-tazobactam TZP Zone Diameter mm|Tobramycin TOB|Tobramycin TOB Zone Diameter mm,Y,7,AST - Multi-Resistant GN
AST-NG E-test,Biopsy|Blood Culture|Bronchial Aspirate|Bronchial Lavage|Cerebrospinal Fluid (CSF)|Cervical Swab|Endotracheal (ET) Aspirate|Faeces|Fine Needle Aspirate (FNA)|Food (Cooked)|Food (Raw)|Gastric Aspirate|Genital Swab|High Vaginal Swab|IDC|In/Out Urine|Isolate|Low Vaginal Swab|Lymph Node|MSU|Nasopharyngeal Aspirate (NPA)|Nasopharyngeal Swab|Oropharyngeal Swab|Pericardial Effusion|Pericardial Fluid|Peritoneal Fluid|Pus/Wound Swab|Sputum|Stool|Throat Swab|Tissue|Tongue Swab|Ulcer Swab|Urethral Swab|Urine|Water (Treated)|Water (Untreated - Raw)|Whole Blood,AZM E-test MIC|BenzylPen E-test MIC|CIP E-test MIC|CRO E-test MIC,Y,8,AST - N.gonorrhoeae (E-test)
AST-NM E-test,Biopsy|Blood Culture|Bronchial Aspirate|Bronchial Lavage|Cerebrospinal Fluid (CSF)|Cervical Swab|Endotracheal (ET) Aspirate|Faeces|Fine Needle Aspirate (FNA)|Food (Cooked)|Food (Raw)|Gastric Aspirate|Genital Swab|High Vaginal Swab|IDC|In/Out Urine|Isolate|Low Vaginal Swab|Lymph Node|MSU|Nasopharyngeal Aspirate (NPA)|Nasopharyngeal Swab|Oropharyngeal Swab|Pericardial Effusion|Pericardial Fluid|Peritoneal Fluid|Pus/Wound Swab|Sputum|Stool|Throat Swab|Tissue|Tongue Swab|Ulcer Swab|Urethral Swab|Urine|Water (Treated)|Water (Untreated - Raw)|Whole Blood,BenzylPen E-test MIC|CIP E-test MIC|CRO E-test MIC|MEM E-test MIC,Y,9,AST - N.meningitidis (E-test)
AST - Pseudomonas,Biopsy|Blood Culture|Bronchial Aspirate|Bronchial Lavage|Cerebrospinal Fluid (CSF)|Cervical Swab|Endotracheal (ET) Aspirate|Faeces|Fine Needle Aspirate (FNA)|Food (Cooked)|Food (Raw)|Gastric Aspirate|Genital Swab|High Vaginal Swab|IDC|In/Out Urine|Isolate|Low Vaginal Swab|Lymph Node|MSU|Nasopharyngeal Aspirate (NPA)|Nasopharyngeal Swab|Oropharyngeal Swab|Pericardial Effusion|Pericardial Fluid|Peritoneal Fluid|Pus/Wound Swab|Sputum|Stool|Throat Swab|Tissue|Tongue Swab|Ulcer Swab|Urethral Swab|Urine|Water (Treated)|Water (Untreated - Raw)|Whole Blood,Amikacin AK|Amikacin AK Zone Diameter mm|Ceftazidime CAZ|Ceftazidime CAZ Zone Diameter mm|Ciprofloxacin CIP|Ciprofloxacin CIP Zone Diameter mm|Gentamicin CN|Gentamicin CN Zone Diameter mm|Meropenem MEM|Meropenem MEM Zone Diameter mm|Piperacillin-tazobactam TZP|Piperacillin-tazobactam TZP Zone Diameter mm|Tobramycin TOB|Tobramycin TOB Zone Diameter mm,Y,10,AST - Pseudomonas
AST-Staph other,Biopsy|Blood Culture|Bronchial Aspirate|Bronchial Lavage|Cerebrospinal Fluid (CSF)|Cervical Swab|Endotracheal (ET) Aspirate|Faeces|Fine Needle Aspirate (FNA)|Food (Cooked)|Food (Raw)|Gastric Aspirate|Genital Swab|High Vaginal Swab|IDC|In/Out Urine|Isolate|Low Vaginal Swab|Lymph Node|MSU|Nasopharyngeal Aspirate (NPA)|Nasopharyngeal Swab|Oropharyngeal Swab|Pericardial Effusion|Pericardial Fluid|Peritoneal Fluid|Pus/Wound Swab|Sputum|Stool|Throat Swab|Tissue|Tongue Swab|Ulcer Swab|Urethral Swab|Urine|Water (Treated)|Water (Untreated - Raw)|Whole Blood,Amoxicillin AMX|Amoxicillin AMX Zone Diameter mm|Cefoxitin FOX|Cefoxitin FOX Zone Diameter mm|Chloramphenicol C|Chloramphenicol C Zone Diameter mm|Erythromycin E|Erythromycin E Zone Diameter mm|Penicillin PEN|Penicillin PEN Zone Diameter mm|Tetracycline TE|Tetracycline TE Zone Diameter mm|Trimethoprim-sulfamethoxazole SXT|Trimethoprim-sulfamethoxazole SXT Zone Diameter mm|Vancomycin VA|Vancomycin VA Zone Diameter mm,Y,11,AST - STAPH Other Species
AST - STAPH S.aureus,Biopsy|Blood Culture|Bronchial Aspirate|Bronchial Lavage|Cerebrospinal Fluid (CSF)|Cervical Swab|Endotracheal (ET) Aspirate|Faeces|Fine Needle Aspirate (FNA)|Food (Cooked)|Food (Raw)|Gastric Aspirate|Genital Swab|High Vaginal Swab|IDC|In/Out Urine|Isolate|Low Vaginal Swab|Lymph Node|MSU|Nasopharyngeal Aspirate (NPA)|Nasopharyngeal Swab|Oropharyngeal Swab|Pericardial Effusion|Pericardial Fluid|Peritoneal Fluid|Pus/Wound Swab|Sputum|Stool|Throat Swab|Tissue|Tongue Swab|Ulcer Swab|Urethral Swab|Urine|Water (Treated)|Water (Untreated - Raw)|Whole Blood,Amoxicillin AMX|Amoxicillin AMX Zone Diameter mm|Cefoxitin FOX|Cefoxitin FOX Zone Diameter mm|Chloramphenicol C|Chloramphenicol C Zone Diameter mm|Erythromycin E|Erythromycin E Zone Diameter mm|Penicillin PEN|Penicillin PEN Zone Diameter mm|Tetracycline TE|Tetracycline TE Zone Diameter mm|Trimethoprim-sulfamethoxazole SXT|Trimethoprim-sulfamethoxazole SXT Zone Diameter mm|Vancomycin VA|Vancomycin VA Zone Diameter mm,Y,12,AST - STAPH S.aureus
AST-Strep ABCG,Biopsy|Blood Culture|Bronchial Aspirate|Bronchial Lavage|Cerebrospinal Fluid (CSF)|Cervical Swab|Endotracheal (ET) Aspirate|Faeces|Fine Needle Aspirate (FNA)|Food (Cooked)|Food (Raw)|Gastric Aspirate|Genital Swab|High Vaginal Swab|IDC|In/Out Urine|Isolate|Low Vaginal Swab|Lymph Node|MSU|Nasopharyngeal Aspirate (NPA)|Nasopharyngeal Swab|Oropharyngeal Swab|Pericardial Effusion|Pericardial Fluid|Peritoneal Fluid|Pus/Wound Swab|Sputum|Stool|Throat Swab|Tissue|Tongue Swab|Ulcer Swab|Urethral Swab|Urine|Water (Treated)|Water (Untreated - Raw)|Whole Blood,Erythromycin E|Erythromycin E Zone Diameter mm|Penicillin PEN|Penicillin PEN Zone Diameter mm|Tetracycline TE|Tetracycline TE Zone Diameter mm|Trimethoprim-sulfamethoxazole SXT|Trimethoprim-sulfamethoxazole SXT Zone Diameter mm,Y,13,"AST - STREP Groups A,B,C,G"
AST-S.pneumoniae,Biopsy|Blood Culture|Bronchial Aspirate|Bronchial Lavage|Cerebrospinal Fluid (CSF)|Cervical Swab|Endotracheal (ET) Aspirate|Faeces|Fine Needle Aspirate (FNA)|Food (Cooked)|Food (Raw)|Gastric Aspirate|Genital Swab|High Vaginal Swab|IDC|In/Out Urine|Isolate|Low Vaginal Swab|Lymph Node|MSU|Nasopharyngeal Aspirate (NPA)|Nasopharyngeal Swab|Oropharyngeal Swab|Pericardial Effusion|Pericardial Fluid|Peritoneal Fluid|Pus/Wound Swab|Sputum|Stool|Throat Swab|Tissue|Tongue Swab|Ulcer Swab|Urethral Swab|Urine|Water (Treated)|Water (Untreated - Raw)|Whole Blood,Amoxicillin AMX|Amoxicillin AMX Zone Diameter mm|Ceftriaxone CRO|Ceftriaxone CRO Zone Diameter mm|Chloramphenicol C|Chloramphenicol C Zone Diameter mm|Erythromycin E|Erythromycin E Zone Diameter mm|Oxacillin OX|Oxacillin OX Zone Diameter mm|Penicillin PEN|Penicillin PEN Zone Diameter mm|Tetracycline TE|Tetracycline TE Zone Diameter mm|Trimethoprim-sulfamethoxazole SXT|Trimethoprim-sulfamethoxazole SXT Zone Diameter mm,Y,14,AST - STREP S.pneumoniae
AST-Salm+Shig,Biopsy|Blood Culture|Bronchial Aspirate|Bronchial Lavage|Cerebrospinal Fluid (CSF)|Cervical Swab|Endotracheal (ET) Aspirate|Faeces|Fine Needle Aspirate (FNA)|Food (Cooked)|Food (Raw)|Gastric Aspirate|Genital Swab|High Vaginal Swab|IDC|In/Out Urine|Isolate|Low Vaginal Swab|Lymph Node|MSU|Nasopharyngeal Aspirate (NPA)|Nasopharyngeal Swab|Oropharyngeal Swab|Pericardial Effusion|Pericardial Fluid|Peritoneal Fluid|Pus/Wound Swab|Sputum|Stool|Throat Swab|Tissue|Tongue Swab|Ulcer Swab|Urethral Swab|Urine|Water (Treated)|Water (Untreated - Raw)|Whole Blood,Amoxicillin AMX|Amoxicillin AMX Zone Diameter mm|Ampicillin AMP|Ampicillin AMP Zone Diameter mm|Azithromycin AZM|Azithromycin AZM Zone Diameter mm|Ceftriaxone CRO|Ceftriaxone CRO Zone Diameter mm|Chloramphenicol C|Chloramphenicol C Zone Diameter mm|Ciprofloxacin CIP|Ciprofloxacin CIP Zone Diameter mm|Meropenem MEM|Meropenem MEM Zone Diameter mm|Pefloxacin PEF|Pefloxacin PEF Zone Diameter mm|Trimethoprim-sulfamethoxazole SXT|Trimethoprim-sulfamethoxazole SXT Zone Diameter mm,Y,15,AST - Salmonella & Shigella
AST - Viridans Strep,Biopsy|Blood Culture|Bronchial Aspirate|Bronchial Lavage|Cerebrospinal Fluid (CSF)|Cervical Swab|Endotracheal (ET) Aspirate|Faeces|Fine Needle Aspirate (FNA)|Food (Cooked)|Food (Raw)|Gastric Aspirate|Genital Swab|High Vaginal Swab|IDC|In/Out Urine|Isolate|Low Vaginal Swab|Lymph Node|MSU|Nasopharyngeal Aspirate (NPA)|Nasopharyngeal Swab|Oropharyngeal Swab|Pericardial Effusion|Pericardial Fluid|Peritoneal Fluid|Pus/Wound Swab|Sputum|Stool|Throat Swab|Tissue|Tongue Swab|Ulcer Swab|Urethral Swab|Urine|Water (Treated)|Water (Untreated - Raw)|Whole Blood,Ampicillin AMP|Ampicillin AMP Zone Diameter mm|Penicillin PEN|Penicillin PEN Zone Diameter mm|Vancomycin VA|Vancomycin VA Zone Diameter mm,Y,16,AST - Viridans Strep
AZM E-test,Biopsy|Blood Culture|Bronchial Aspirate|Bronchial Lavage|Cerebrospinal Fluid (CSF)|Cervical Swab|Endotracheal (ET) Aspirate|Faeces|Fine Needle Aspirate (FNA)|Food (Cooked)|Food (Raw)|Gastric Aspirate|Genital Swab|High Vaginal Swab|IDC|In/Out Urine|Isolate|Low Vaginal Swab|Lymph Node|MSU|Nasopharyngeal Aspirate (NPA)|Nasopharyngeal Swab|Oropharyngeal Swab|Pericardial Effusion|Pericardial Fluid|Peritoneal Fluid|Pus/Wound Swab|Sputum|Stool|Throat Swab|Tissue|Tongue Swab|Ulcer Swab|Urethral Swab|Urine|Water (Treated)|Water (Untreated - Raw)|Whole Blood,AZM E-test Interpretation|AZM E-test MIC,Y,17,AZM E-test
Acute Fever and Rash,Plasma|Serum,EUROIMMUN Measles IgM|EUROIMMUN Rubella IgM,Y,18,Acute Fever and Rash
Allplex RESP4,Nasopharyngeal Swab,Allplex Interpretation of Results|Influenza A Ct Value|Influenza A RT-PCR|Influenza B Ct Value|Influenza B RT-PCR|RSV Ct Value|RSV RT-PCR|SARS-CoV-2 Ct Value|SARS-CoV-2 RT-PCR,Y,19,Allplex SARS-CoV-2/FluA/FluB/RSV Assay
Amikacin (AK) 30µg,Biopsy|Blood Culture|Bronchial Aspirate|Bronchial Lavage|Cerebrospinal Fluid (CSF)|Cervical Swab|Endotracheal (ET) Aspirate|Faeces|Fine Needle Aspirate (FNA)|Food (Cooked)|Food (Raw)|Gastric Aspirate|Genital Swab|High Vaginal Swab|IDC|In/Out Urine|Isolate|Low Vaginal Swab|Lymph Node|MSU|Nasopharyngeal Aspirate (NPA)|Nasopharyngeal Swab|Oropharyngeal Swab|Pericardial Effusion|Pericardial Fluid|Peritoneal Fluid|Pus/Wound Swab|Sputum|Stool|Throat Swab|Tissue|Tongue Swab|Ulcer Swab|Urethral Swab|Urine|Water (Treated)|Water (Untreated - Raw)|Whole Blood,Amikacin AK|Amikacin AK Zone Diameter mm,Y,20,Amikacin (AK) 30µg
AMC 20-10ug disc,Biopsy|Blood Culture|Bronchial Aspirate|Bronchial Lavage|Cerebrospinal Fluid (CSF)|Cervical Swab|Endotracheal (ET) Aspirate|Faeces|Fine Needle Aspirate (FNA)|Food (Cooked)|Food (Raw)|Gastric Aspirate|Genital Swab|High Vaginal Swab|IDC|In/Out Urine|Isolate|Low Vaginal Swab|Lymph Node|MSU|Nasopharyngeal Aspirate (NPA)|Nasopharyngeal Swab|Oropharyngeal Swab|Pericardial Effusion|Pericardial Fluid|Peritoneal Fluid|Pus/Wound Swab|Sputum|Stool|Throat Swab|Tissue|Tongue Swab|Ulcer Swab|Urethral Swab|Urine|Water (Treated)|Water (Untreated - Raw)|Whole Blood,Amox-clav AMC|Amox-clav AMC Zone Diameter mm,Y,21,Amox-clav (AMC) 20-10µg
AMX 2ug disc,Biopsy|Blood Culture|Bronchial Aspirate|Bronchial Lavage|Cerebrospinal Fluid (CSF)|Cervical Swab|Endotracheal (ET) Aspirate|Faeces|Fine Needle Aspirate (FNA)|Food (Cooked)|Food (Raw)|Gastric Aspirate|Genital Swab|High Vaginal Swab|IDC|In/Out Urine|Isolate|Low Vaginal Swab|Lymph Node|MSU|Nasopharyngeal Aspirate (NPA)|Nasopharyngeal Swab|Oropharyngeal Swab|Pericardial Effusion|Pericardial Fluid|Peritoneal Fluid|Pus/Wound Swab|Sputum|Stool|Throat Swab|Tissue|Tongue Swab|Ulcer Swab|Urethral Swab|Urine|Water (Treated)|Water (Untreated - Raw)|Whole Blood,Amoxicillin AMX|Amoxicillin AMX Zone Diameter mm,Y,22,Amoxicillin (AMX) 2µg
AMP 10ug disc,Biopsy|Blood Culture|Bronchial Aspirate|Bronchial Lavage|Cerebrospinal Fluid (CSF)|Cervical Swab|Endotracheal (ET) Aspirate|Faeces|Fine Needle Aspirate (FNA)|Food (Cooked)|Food (Raw)|Gastric Aspirate|Genital Swab|High Vaginal Swab|IDC|In/Out Urine|Isolate|Low Vaginal Swab|Lymph Node|MSU|Nasopharyngeal Aspirate (NPA)|Nasopharyngeal Swab|Oropharyngeal Swab|Pericardial Effusion|Pericardial Fluid|Peritoneal Fluid|Pus/Wound Swab|Sputum|Stool|Throat Swab|Tissue|Tongue Swab|Ulcer Swab|Urethral Swab|Urine|Water (Treated)|Water (Untreated - Raw)|Whole Blood,Ampicillin AMP|Ampicillin AMP Zone Diameter mm,Y,23,Ampicillin (AMP) 10µg
AZM 15ug disc,Biopsy|Blood Culture|Bronchial Aspirate|Bronchial Lavage|Cerebrospinal Fluid (CSF)|Cervical Swab|Endotracheal (ET) Aspirate|Faeces|Fine Needle Aspirate (FNA)|Food (Cooked)|Food (Raw)|Gastric Aspirate|Genital Swab|High Vaginal Swab|IDC|In/Out Urine|Isolate|Low Vaginal Swab|Lymph Node|MSU|Nasopharyngeal Aspirate (NPA)|Nasopharyngeal Swab|Oropharyngeal Swab|Pericardial Effusion|Pericardial Fluid|Peritoneal Fluid|Pus/Wound Swab|Sputum|Stool|Throat Swab|Tissue|Tongue Swab|Ulcer Swab|Urethral Swab|Urine|Water (Treated)|Water (Untreated - Raw)|Whole Blood,Azithromycin AZM|Azithromycin AZM Zone Diameter mm,Y,24,Azithromycin (AZM) 15µg
BD Phoenix NMIC-433,Biopsy|Blood Culture|Bronchial Aspirate|Bronchial Lavage|Cerebrospinal Fluid (CSF)|Cervical Swab|Endotracheal (ET) Aspirate|Faeces|Fine Needle Aspirate (FNA)|Food (Cooked)|Food (Raw)|Gastric Aspirate|Genital Swab|High Vaginal Swab|IDC|In/Out Urine|Isolate|Low Vaginal Swab|Lymph Node|MSU|Nasopharyngeal Aspirate (NPA)|Nasopharyngeal Swab|Oropharyngeal Swab|Pericardial Effusion|Pericardial Fluid|Peritoneal Fluid|Pus/Wound Swab|Sputum|Stool|Throat Swab|Tissue|Tongue Swab|Ulcer Swab|Urethral Swab|Urine|Water (Treated)|Water (Untreated - Raw)|Whole Blood,Amikacin|Amikacin - MIC|Amoxicillin-Clavulanate|Amoxicillin-Clavulanate - MIC|Ampicillin|Ampicillin - MIC|Ampicillin-Sulbactam|Ampicillin-Sulbactam - MIC|Cefazolin|Cefazolin - MIC|Cefepime|Cefepime - MIC|Cefotaxime-Clavulanate|Cefotaxime-Clavulanate - MIC|Cefpodoxime-proxetil|Cefpodoxime-proxetil - MIC|Ceftazidime|Ceftazidime-Clavulanate|Ceftazidime-Clavulanate - MIC|Ceftazidime ESBL|Ceftazidime ESBL - MIC|Ceftazidime - MIC|Ceftolozane-Tazobactam|Ceftolozane-Tazobactam - MIC|Ceftriaxone|Ceftriaxone-Clavulanate|Ceftriaxone-Clavulanate - MIC|Ceftriaxone - MIC|Cefuroxime|Cefuroxime - MIC|Ciprofloxacin|Ciprofloxacin - MIC|Colistin|Colistin - MIC|Ertapenem|Ertapenem - MIC|ESBL|ESBL - MIC|Gentamicin|Gentamicin - MIC|Imipenem|Imipenem - MIC|Levofloxacin|Levofloxacin - MIC|Meropenem|Meropenem - MIC|Piperacillin-Tazobactam|Piperacillin-Tazobactam - MIC|Tigecycline|Tigecycline - MIC|Trimethoprim-Sulfamethoxazole|Trimethoprim-Sulfamethoxazole - MIC,Y,25,BD Phoenix NMIC-433 (GN)
BD Phoenix PMIC-84,Biopsy|Blood Culture|Bronchial Aspirate|Bronchial Lavage|Cerebrospinal Fluid (CSF)|Cervical Swab|Endotracheal (ET) Aspirate|Faeces|Fine Needle Aspirate (FNA)|Food (Cooked)|Food (Raw)|Gastric Aspirate|Genital Swab|High Vaginal Swab|IDC|In/Out Urine|Isolate|Low Vaginal Swab|Lymph Node|MSU|Nasopharyngeal Aspirate (NPA)|Nasopharyngeal Swab|Oropharyngeal Swab|Pericardial Effusion|Pericardial Fluid|Peritoneal Fluid|Pus/Wound Swab|Sputum|Stool|Throat Swab|Tissue|Tongue Swab|Ulcer Swab|Urethral Swab|Urine|Water (Treated)|Water (Untreated - Raw)|Whole Blood,Amoxicillin/Clavulanate - v2|Amoxicillin/Clavulanate - MIC - v2|Ampicillin|Ampicillin - MIC|Cefazolin|Cefazolin - MIC|Cefoxitin|Cefoxitin - MIC|Chloramphenicol|Chloramphenicol - MIC|Ciprofloxacin|Ciprofloxacin - MIC|Clindamycin|Clindamycin - MIC|Daptomycin|Daptomycin - MIC|Doxycycline|Doxycycline - MIC|Erythromycin|Erythromycin - MIC|Fosfomycin|Fosfomycin - MIC|Fusidic Acid|Fusidic Acid - MIC|Gentamicin|Gentamicin - MIC|Gentamicin-Synergy|Gentamicin-Synergy - MIC|iMLSb|iMLSb - MIC|Linezolid|Linezolid - MIC|Moxifloxacin|Moxifloxacin - MIC|Mupirocin|Mupirocin-High Level|Mupirocin-High Level - MIC|Mupirocin - MIC|Nitrofurantoin|Nitrofurantoin - MIC|Norfloxacin|Norfloxacin - MIC|Oxacillin|Oxacillin - MIC|Penicillin|Penicillin - MIC|Rifampin|Rifampin - MIC|Streptomycin-Synergy|Streptomycin-Synergy - MIC|Teicoplanin|Teicoplanin - MIC|Trimethoprim|Trimethoprim - MIC|Trimethoprim-Sulfamethoxazole|Trimethoprim-Sulfamethoxazole - MIC|Vancomycin|Vancomycin - MIC,Y,26,BD Phoenix PMIC-84 (GP)
BenzylPen E-test,Biopsy|Blood Culture|Bronchial Aspirate|Bronchial Lavage|Cerebrospinal Fluid (CSF)|Cervical Swab|Endotracheal (ET) Aspirate|Faeces|Fine Needle Aspirate (FNA)|Food (Cooked)|Food (Raw)|Gastric Aspirate|Genital Swab|High Vaginal Swab|IDC|In/Out Urine|Isolate|Low Vaginal Swab|Lymph Node|MSU|Nasopharyngeal Aspirate (NPA)|Nasopharyngeal Swab|Oropharyngeal Swab|Pericardial Effusion|Pericardial Fluid|Peritoneal Fluid|Pus/Wound Swab|Sputum|Stool|Throat Swab|Tissue|Tongue Swab|Ulcer Swab|Urethral Swab|Urine|Water (Treated)|Water (Untreated - Raw)|Whole Blood,BenzylPen E-test Interpretation|BenzylPen E-test MIC,Y,27,BenzylPen E-test
BioFire GF,Whole Blood,Chikungunya virus|Leptospira spp.|Plasmodium falciparum|Plasmodium spp.|Plasmodium vivax/ovale,Y,28,BioFire Global Fever (GF) Panel
BioFire RP2.1,Nasopharyngeal Swab,Adenovirus|Bordetella parapertussis IS1001|Bordetella pertussis ptxP|Chlamydia pneumoniae|Coronavirus 229E|Coronavirus HKU1|Coronavirus NL63|Coronavirus OC43|Human Metapneumovirus|Human Rhinovirus/Enterovirus|Influenza A|Influenza B|Mycoplasma pneumoniae|Parainfluenza Virus 1|Parainfluenza Virus 2|Parainfluenza Virus 3|Parainfluenza Virus 4|Respiratory Syncytial Virus|SARS-CoV-2,Y,29,BioFire Respiratory Panel 2.1 (RP2.1)
CDC DENV-1-4 rRT-PCR,Plasma|Serum|Whole Blood,CDC DENV-1 PCR|CDC DENV-1 rRT-PCR Ct Value|CDC DENV-2 PCR|CDC DENV-2 rRT-PCR Ct Value|CDC DENV-3 PCR|CDC DENV-3 rRT-PCR Ct Value|CDC DENV-4 PCR|CDC DENV-4 rRT-PCR Ct Value|CDC RP Target rRT-PCR Ct Value|Dengue PCR Results Interpretation,Y,30,CDC DENV-1-4 rRT-PCR
CIP E-test,Biopsy|Blood Culture|Bronchial Aspirate|Bronchial Lavage|Cerebrospinal Fluid (CSF)|Cervical Swab|Endotracheal (ET) Aspirate|Faeces|Fine Needle Aspirate (FNA)|Food (Cooked)|Food (Raw)|Gastric Aspirate|Genital Swab|High Vaginal Swab|IDC|In/Out Urine|Isolate|Low Vaginal Swab|Lymph Node|MSU|Nasopharyngeal Aspirate (NPA)|Nasopharyngeal Swab|Oropharyngeal Swab|Pericardial Effusion|Pericardial Fluid|Peritoneal Fluid|Pus/Wound Swab|Sputum|Stool|Throat Swab|Tissue|Tongue Swab|Ulcer Swab|Urethral Swab|Urine|Water (Treated)|Water (Untreated - Raw)|Whole Blood,CIP E-test Interpretation|CIP E-test MIC,Y,31,CIP E-test
CRO E-test,Biopsy|Blood Culture|Bronchial Aspirate|Bronchial Lavage|Cerebrospinal Fluid (CSF)|Cervical Swab|Endotracheal (ET) Aspirate|Faeces|Fine Needle Aspirate (FNA)|Food (Cooked)|Food (Raw)|Gastric Aspirate|Genital Swab|High Vaginal Swab|IDC|In/Out Urine|Isolate|Low Vaginal Swab|Lymph Node|MSU|Nasopharyngeal Aspirate (NPA)|Nasopharyngeal Swab|Oropharyngeal Swab|Pericardial Effusion|Pericardial Fluid|Peritoneal Fluid|Pus/Wound Swab|Sputum|Stool|Throat Swab|Tissue|Tongue Swab|Ulcer Swab|Urethral Swab|Urine|Water (Treated)|Water (Untreated - Raw)|Whole Blood,CRO E-test Interpretation|CRO E-test MIC,Y,32,CRO E-test
Cefoxitin (FOX) 30µg,Biopsy|Blood Culture|Bronchial Aspirate|Bronchial Lavage|Cerebrospinal Fluid (CSF)|Cervical Swab|Endotracheal (ET) Aspirate|Faeces|Fine Needle Aspirate (FNA)|Food (Cooked)|Food (Raw)|Gastric Aspirate|Genital Swab|High Vaginal Swab|IDC|In/Out Urine|Isolate|Low Vaginal Swab|Lymph Node|MSU|Nasopharyngeal Aspirate (NPA)|Nasopharyngeal Swab|Oropharyngeal Swab|Pericardial Effusion|Pericardial Fluid|Peritoneal Fluid|Pus/Wound Swab|Sputum|Stool|Throat Swab|Tissue|Tongue Swab|Ulcer Swab|Urethral Swab|Urine|Water (Treated)|Water (Untreated - Raw)|Whole Blood,Cefoxitin FOX|Cefoxitin FOX Zone Diameter mm,Y,33,Cefoxitin (FOX) 30µg
CAZ 10ug disc,Biopsy|Blood Culture|Bronchial Aspirate|Bronchial Lavage|Cerebrospinal Fluid (CSF)|Cervical Swab|Endotracheal (ET) Aspirate|Faeces|Fine Needle Aspirate (FNA)|Food (Cooked)|Food (Raw)|Gastric Aspirate|Genital Swab|High Vaginal Swab|IDC|In/Out Urine|Isolate|Low Vaginal Swab|Lymph Node|MSU|Nasopharyngeal Aspirate (NPA)|Nasopharyngeal Swab|Oropharyngeal Swab|Pericardial Effusion|Pericardial Fluid|Peritoneal Fluid|Pus/Wound Swab|Sputum|Stool|Throat Swab|Tissue|Tongue Swab|Ulcer Swab|Urethral Swab|Urine|Water (Treated)|Water (Untreated - Raw)|Whole Blood,Ceftazidime CAZ|Ceftazidime CAZ Zone Diameter mm,Y,34,Ceftazidime (CAZ) 10µg
CRO 30ug disc,Biopsy|Blood Culture|Bronchial Aspirate|Bronchial Lavage|Cerebrospinal Fluid (CSF)|Cervical Swab|Endotracheal (ET) Aspirate|Faeces|Fine Needle Aspirate (FNA)|Food (Cooked)|Food (Raw)|Gastric Aspirate|Genital Swab|High Vaginal Swab|IDC|In/Out Urine|Isolate|Low Vaginal Swab|Lymph Node|MSU|Nasopharyngeal Aspirate (NPA)|Nasopharyngeal Swab|Oropharyngeal Swab|Pericardial Effusion|Pericardial Fluid|Peritoneal Fluid|Pus/Wound Swab|Sputum|Stool|Throat Swab|Tissue|Tongue Swab|Ulcer Swab|Urethral Swab|Urine|Water (Treated)|Water (Untreated - Raw)|Whole Blood,Ceftriaxone CRO|Ceftriaxone CRO Zone Diameter mm,Y,35,Ceftriaxone (CRO) 30µg
C 30ug disc,Biopsy|Blood Culture|Bronchial Aspirate|Bronchial Lavage|Cerebrospinal Fluid (CSF)|Cervical Swab|Endotracheal (ET) Aspirate|Faeces|Fine Needle Aspirate (FNA)|Food (Cooked)|Food (Raw)|Gastric Aspirate|Genital Swab|High Vaginal Swab|IDC|In/Out Urine|Isolate|Low Vaginal Swab|Lymph Node|MSU|Nasopharyngeal Aspirate (NPA)|Nasopharyngeal Swab|Oropharyngeal Swab|Pericardial Effusion|Pericardial Fluid|Peritoneal Fluid|Pus/Wound Swab|Sputum|Stool|Throat Swab|Tissue|Tongue Swab|Ulcer Swab|Urethral Swab|Urine|Water (Treated)|Water (Untreated - Raw)|Whole Blood,Chloramphenicol C|Chloramphenicol C Zone Diameter mm,Y,36,Chloramphenicol (C) 30µg
CIP 5ug disc,Biopsy|Blood Culture|Bronchial Aspirate|Bronchial Lavage|Cerebrospinal Fluid (CSF)|Cervical Swab|Endotracheal (ET) Aspirate|Faeces|Fine Needle Aspirate (FNA)|Food (Cooked)|Food (Raw)|Gastric Aspirate|Genital Swab|High Vaginal Swab|IDC|In/Out Urine|Isolate|Low Vaginal Swab|Lymph Node|MSU|Nasopharyngeal Aspirate (NPA)|Nasopharyngeal Swab|Oropharyngeal Swab|Pericardial Effusion|Pericardial Fluid|Peritoneal Fluid|Pus/Wound Swab|Sputum|Stool|Throat Swab|Tissue|Tongue Swab|Ulcer Swab|Urethral Swab|Urine|Water (Treated)|Water (Untreated - Raw)|Whole Blood,Ciprofloxacin CIP|Ciprofloxacin CIP Zone Diameter mm,Y,37,Ciprofloxacin (CIP) 5µg
Coliform Analysis,Biopsy|Blood Culture|Bronchial Aspirate|Bronchial Lavage|Cerebrospinal Fluid (CSF)|Cervical Swab|Endotracheal (ET) Aspirate|Faeces|Fine Needle Aspirate (FNA)|Food (Cooked)|Food (Raw)|Gastric Aspirate|Genital Swab|High Vaginal Swab|IDC|In/Out Urine|Isolate|Low Vaginal Swab|Lymph Node|MSU|Nasopharyngeal Aspirate (NPA)|Nasopharyngeal Swab|Oropharyngeal Swab|Pericardial Effusion|Pericardial Fluid|Peritoneal Fluid|Pus/Wound Swab|Sputum|Stool|Throat Swab|Tissue|Tongue Swab|Ulcer Swab|Urethral Swab|Urine|Water (Treated)|Water (Untreated - Raw)|Whole Blood,Escherichia coli|Faecal Coliform|Heterotrophic/Standard Plate Count|Microbiology Culture Result|Microbiology Macroscopic Appearance|Total Coliform,Y,38,Coliform Analysis
Dengue PCR serotype,Serum|Whole Blood,Dengue 3NC PCR Ct Value|Dengue 3NC PCR Interpretation|Dengue DENV-1/2 PCR Ct Value|Dengue DENV-1/2 PCR Interpretation|Dengue DENV-3/4 PCR Ct Value|Dengue DENV-3/4 PCR Interpretation,Y,39,Dengue PCR Serotyping Panel
Dengue Serology,Plasma|Serum|Whole Blood,Dengue IgG + IgM Ab|Dengue NS1 Ag|Dengue Serology Results Interpretation,Y,40,Dengue Serology
E 15ug disc,Biopsy|Blood Culture|Bronchial Aspirate|Bronchial Lavage|Cerebrospinal Fluid (CSF)|Cervical Swab|Endotracheal (ET) Aspirate|Faeces|Fine Needle Aspirate (FNA)|Food (Cooked)|Food (Raw)|Gastric Aspirate|Genital Swab|High Vaginal Swab|IDC|In/Out Urine|Isolate|Low Vaginal Swab|Lymph Node|MSU|Nasopharyngeal Aspirate (NPA)|Nasopharyngeal Swab|Oropharyngeal Swab|Pericardial Effusion|Pericardial Fluid|Peritoneal Fluid|Pus/Wound Swab|Sputum|Stool|Throat Swab|Tissue|Tongue Swab|Ulcer Swab|Urethral Swab|Urine|Water (Treated)|Water (Untreated - Raw)|Whole Blood,Erythromycin E|Erythromycin E Zone Diameter mm,Y,41,Erythromycin (E) 15µg
FL-DST,Biopsy|Bronchial Aspirate|Bronchial Lavage|Cerebrospinal Fluid (CSF)|Concentrated Sediment|Endotracheal (ET) Aspirate|Faeces|Fine Needle Aspirate (FNA)|Gastric Aspirate|Isolate|Lymph Node|Nasopharyngeal Aspirate (NPA)|Pericardial Effusion|Pericardial Fluid|Peritoneal Fluid|Pleural Effusion|Pleural Fluid|Sputum|Stool|Tissue|Tongue Swab|Urine|Whole Blood,Ethambutol 5.0|Ethambutol 5.0 GU|Isoniazid 0.1 DST|Isoniazid 0.1 GU|Isoniazid 0.4 DST|Isoniazid 0.4 GU|Pyrazinamide 100.00|Pyrazinamide 100.00 GU|Rifampicin 1.0|Rifampicin 1.0 GU|Streptomycin 1.0|Streptomycin 1.0 GU,Y,42,FL-DST
Faeces M/C/S,Biopsy|Blood Culture|Bronchial Aspirate|Bronchial Lavage|Cerebrospinal Fluid (CSF)|Cervical Swab|Endotracheal (ET) Aspirate|Faeces|Fine Needle Aspirate (FNA)|Food (Cooked)|Food (Raw)|Gastric Aspirate|Genital Swab|High Vaginal Swab|IDC|In/Out Urine|Isolate|Low Vaginal Swab|Lymph Node|MSU|Nasopharyngeal Aspirate (NPA)|Nasopharyngeal Swab|Oropharyngeal Swab|Pericardial Effusion|Pericardial Fluid|Peritoneal Fluid|Pus/Wound Swab|Sputum|Stool|Throat Swab|Tissue|Tongue Swab|Ulcer Swab|Urethral Swab|Urine|Water (Treated)|Water (Untreated - Raw)|Whole Blood,Microbiology Culture Result|Microbiology Macroscopic Appearance - Enterics|Microbiology Microscopy Wet Preparation,Y,43,Faeces M/C/S
Gentamicin (CN) 10µg,Biopsy|Blood Culture|Bronchial Aspirate|Bronchial Lavage|Cerebrospinal Fluid (CSF)|Cervical Swab|Endotracheal (ET) Aspirate|Faeces|Fine Needle Aspirate (FNA)|Food (Cooked)|Food (Raw)|Gastric Aspirate|Genital Swab|High Vaginal Swab|IDC|In/Out Urine|Isolate|Low Vaginal Swab|Lymph Node|MSU|Nasopharyngeal Aspirate (NPA)|Nasopharyngeal Swab|Oropharyngeal Swab|Pericardial Effusion|Pericardial Fluid|Peritoneal Fluid|Pus/Wound Swab|Sputum|Stool|Throat Swab|Tissue|Tongue Swab|Ulcer Swab|Urethral Swab|Urine|Water (Treated)|Water (Untreated - Raw)|Whole Blood,Gentamicin CN|Gentamicin CN Zone Diameter mm,Y,44,Gentamicin (CN) 10µg
HIV Drug Resistance,DBS|Plasma|Whole Blood,Integrase Mutation Type|Integrase Resistance Level|NNRTI Mutation Type|NNRTI Resistance Level|NRTI Mutation Type|NRTI Resistance Level|Protease Mutation Type|Protease Resistance Level,Y,45,HIV Drug Resistance
HIV Serology POC,Plasma|Serum|Whole Blood,Abbott HIV/Syphilis Duo|ABON Tri-line HIV 1/2/0|Genie Fast HIV 1/2|HIV Serology,Y,46,HIV Serology POC
M. leprae Microscopy,Nerve biopsy|Skin biopsy|Skin smear|Slit skin smear,Bacteriological Index BI|Morphological Index MI,Y,47,M. leprae Microscopy
M. leprae PCR,Nerve biopsy|Skin biopsy|Skin smear|Slit skin smear,M. leprae PCR|M. leprae PCR Ct Value,Y,48,M. leprae PCR
M. ulcerans PCR,Biopsy|Fine Needle Aspirate (FNA)|Tissue|Ulcer Swab,M. ulcerans PCR|M. ulcerans PCR Ct Value|M. ulcerans PCR Interpretation,Y,49,M. ulcerans PCR
MEM E-test,Biopsy|Blood Culture|Bronchial Aspirate|Bronchial Lavage|Cerebrospinal Fluid (CSF)|Cervical Swab|Endotracheal (ET) Aspirate|Faeces|Fine Needle Aspirate (FNA)|Food (Cooked)|Food (Raw)|Gastric Aspirate|Genital Swab|High Vaginal Swab|IDC|In/Out Urine|Isolate|Low Vaginal Swab|Lymph Node|MSU|Nasopharyngeal Aspirate (NPA)|Nasopharyngeal Swab|Oropharyngeal Swab|Pericardial Effusion|Pericardial Fluid|Peritoneal Fluid|Pus/Wound Swab|Sputum|Stool|Throat Swab|Tissue|Tongue Swab|Ulcer Swab|Urethral Swab|Urine|Water (Treated)|Water (Untreated - Raw)|Whole Blood,MEM E-test Interpretation|MEM E-test MIC,Y,50,MEM E-test
Measles RT-PCR Panel,Cell Culture|Nasopharyngeal Swab|Oropharyngeal Swab|Throat Swab|Urine,MeV Ct|MeV Interpretation|RNase P Ct - Measles|RNase P Interpretation - Measles,Y,51,Measles RT-PCR Panel
Meropenem (MEM) 10µg,Biopsy|Blood Culture|Bronchial Aspirate|Bronchial Lavage|Cerebrospinal Fluid (CSF)|Cervical Swab|Endotracheal (ET) Aspirate|Faeces|Fine Needle Aspirate (FNA)|Food (Cooked)|Food (Raw)|Gastric Aspirate|Genital Swab|High Vaginal Swab|IDC|In/Out Urine|Isolate|Low Vaginal Swab|Lymph Node|MSU|Nasopharyngeal Aspirate (NPA)|Nasopharyngeal Swab|Oropharyngeal Swab|Pericardial Effusion|Pericardial Fluid|Peritoneal Fluid|Pus/Wound Swab|Sputum|Stool|Throat Swab|Tissue|Tongue Swab|Ulcer Swab|Urethral Swab|Urine|Water (Treated)|Water (Untreated - Raw)|Whole Blood,Meropenem MEM|Meropenem MEM Zone Diameter mm,Y,52,Meropenem (MEM) 10µg
Mycobacterial Cx,Biopsy|Bronchial Aspirate|Bronchial Lavage|Cerebrospinal Fluid (CSF)|Concentrated Sediment|Endotracheal (ET) Aspirate|Faeces|Fine Needle Aspirate (FNA)|Gastric Aspirate|Isolate|Lymph Node|Nasopharyngeal Aspirate (NPA)|Pericardial Effusion|Pericardial Fluid|Peritoneal Fluid|Pleural Effusion|Pleural Fluid|Sputum|Stool|Tissue|Tongue Swab|Urine|Whole Blood,Mycobacterial Culture Result|Mycobacterial Culture Species,Y,53,Mycobacterial Culture
F 100ug disc,Biopsy|Blood Culture|Bronchial Aspirate|Bronchial Lavage|Cerebrospinal Fluid (CSF)|Cervical Swab|Endotracheal (ET) Aspirate|Faeces|Fine Needle Aspirate (FNA)|Food (Cooked)|Food (Raw)|Gastric Aspirate|Genital Swab|High Vaginal Swab|IDC|In/Out Urine|Isolate|Low Vaginal Swab|Lymph Node|MSU|Nasopharyngeal Aspirate (NPA)|Nasopharyngeal Swab|Oropharyngeal Swab|Pericardial Effusion|Pericardial Fluid|Peritoneal Fluid|Pus/Wound Swab|Sputum|Stool|Throat Swab|Tissue|Tongue Swab|Ulcer Swab|Urethral Swab|Urine|Water (Treated)|Water (Untreated - Raw)|Whole Blood,Nitrofurantoin F|Nitrofurantoin F Zone Diameter mm,Y,54,Nitrofurantoin (F) 100µg
Oxacillin (OX) 1µg,Biopsy|Blood Culture|Bronchial Aspirate|Bronchial Lavage|Cerebrospinal Fluid (CSF)|Cervical Swab|Endotracheal (ET) Aspirate|Faeces|Fine Needle Aspirate (FNA)|Food (Cooked)|Food (Raw)|Gastric Aspirate|Genital Swab|High Vaginal Swab|IDC|In/Out Urine|Isolate|Low Vaginal Swab|Lymph Node|MSU|Nasopharyngeal Aspirate (NPA)|Nasopharyngeal Swab|Oropharyngeal Swab|Pericardial Effusion|Pericardial Fluid|Peritoneal Fluid|Pus/Wound Swab|Sputum|Stool|Throat Swab|Tissue|Tongue Swab|Ulcer Swab|Urethral Swab|Urine|Water (Treated)|Water (Untreated - Raw)|Whole Blood,Oxacillin OX|Oxacillin OX Zone Diameter mm,Y,55,Oxacillin (OX) 1µg
Pefloxacin (PEF) 5µg,Biopsy|Blood Culture|Bronchial Aspirate|Bronchial Lavage|Cerebrospinal Fluid (CSF)|Cervical Swab|Endotracheal (ET) Aspirate|Faeces|Fine Needle Aspirate (FNA)|Food (Cooked)|Food (Raw)|Gastric Aspirate|Genital Swab|High Vaginal Swab|IDC|In/Out Urine|Isolate|Low Vaginal Swab|Lymph Node|MSU|Nasopharyngeal Aspirate (NPA)|Nasopharyngeal Swab|Oropharyngeal Swab|Pericardial Effusion|Pericardial Fluid|Peritoneal Fluid|Pus/Wound Swab|Sputum|Stool|Throat Swab|Tissue|Tongue Swab|Ulcer Swab|Urethral Swab|Urine|Water (Treated)|Water (Untreated - Raw)|Whole Blood,Pefloxacin PEF|Pefloxacin PEF Zone Diameter mm,Y,56,Pefloxacin (PEF) 5µg
Penicillin (PEN) 1µg,Biopsy|Blood Culture|Bronchial Aspirate|Bronchial Lavage|Cerebrospinal Fluid (CSF)|Cervical Swab|Endotracheal (ET) Aspirate|Faeces|Fine Needle Aspirate (FNA)|Food (Cooked)|Food (Raw)|Gastric Aspirate|Genital Swab|High Vaginal Swab|IDC|In/Out Urine|Isolate|Low Vaginal Swab|Lymph Node|MSU|Nasopharyngeal Aspirate (NPA)|Nasopharyngeal Swab|Oropharyngeal Swab|Pericardial Effusion|Pericardial Fluid|Peritoneal Fluid|Pus/Wound Swab|Sputum|Stool|Throat Swab|Tissue|Tongue Swab|Ulcer Swab|Urethral Swab|Urine|Water (Treated)|Water (Untreated - Raw)|Whole Blood,Penicillin PEN|Penicillin PEN Zone Diameter mm,Y,57,Penicillin (PEN) 1µg
TZP 30-6ug disc,Biopsy|Blood Culture|Bronchial Aspirate|Bronchial Lavage|Cerebrospinal Fluid (CSF)|Cervical Swab|Endotracheal (ET) Aspirate|Faeces|Fine Needle Aspirate (FNA)|Food (Cooked)|Food (Raw)|Gastric Aspirate|Genital Swab|High Vaginal Swab|IDC|In/Out Urine|Isolate|Low Vaginal Swab|Lymph Node|MSU|Nasopharyngeal Aspirate (NPA)|Nasopharyngeal Swab|Oropharyngeal Swab|Pericardial Effusion|Pericardial Fluid|Peritoneal Fluid|Pus/Wound Swab|Sputum|Stool|Throat Swab|Tissue|Tongue Swab|Ulcer Swab|Urethral Swab|Urine|Water (Treated)|Water (Untreated - Raw)|Whole Blood,Piperacillin-tazobactam TZP|Piperacillin-tazobactam TZP Zone Diameter mm,Y,58,Piperacillin-tazobactam (TZP) 30-6µg
Poliovirus Testing,Faeces|Sewage|Stool|Waste Water,Poliovirus Culture|Poliovirus ITD / VDPV|Poliovirus Marker|Poliovirus Sequencing,Y,59,Poliovirus Testing
QMAL PCR screen,Whole Blood,QMAL Ct Value|QMAL PCR,Y,60,QMAL Malaria PCR Screening
QMAL species PCR,Whole Blood,QMAL P. falciparum Ct Value|QMAL P. falciparum PCR|QMAL P. malariae Ct Value|QMAL P. malariae PCR|QMAL P. ovale Ct Value|QMAL P. ovale PCR|QMAL P. vivax Ct Value|QMAL P. vivax PCR,Y,61,QMAL Plasmodium Species Detection PCR
Rubella RT-PCR Panel,Amniotic Fluid|Fetal Tissue|Nasopharyngeal Swab|Oral Fluid|Oropharyngeal Swab|Plasma|Saliva|Throat Swab|Urine|Whole Blood,RNase P Gene Ct - Rubella|RNase P Gene Interpretation - Rubella|Viral Gene Ct|Viral Gene Interpretation,Y,62,Rubella RT-PCR Panel
SL-DST,Biopsy|Bronchial Aspirate|Bronchial Lavage|Cerebrospinal Fluid (CSF)|Concentrated Sediment|Endotracheal (ET) Aspirate|Faeces|Fine Needle Aspirate (FNA)|Gastric Aspirate|Isolate|Lymph Node|Nasopharyngeal Aspirate (NPA)|Pericardial Effusion|Pericardial Fluid|Peritoneal Fluid|Pleural Effusion|Pleural Fluid|Sputum|Stool|Tissue|Tongue Swab|Urine|Whole Blood,Amikacin 1.0|Amikacin 1.0 GU|Bedaquiline 1.0|Bedaquiline 1.0 GU|Capreomycin 2.5|Capreomycin 2.5 GU|Clofazimine 1.0|Clofazimine 1.0 GU|Delamanid 0.06|Delamanid 0.06 GU|Ethionamide 5.0|Ethionamide 5.0 GU|Kanamycin 2.5|Kanamycin 2.5 GU|Linezolid 1.0|Linezolid 1.0 GU|Moxifloxacin 0.25|Moxifloxacin 0.25 GU|Moxifloxacin 1.0|Moxifloxacin 1.0 GU|Pretomanid 1.0|Pretomanid 1.0 GU,Y,63,SL-DST
TE 30ug disc,Biopsy|Blood Culture|Bronchial Aspirate|Bronchial Lavage|Cerebrospinal Fluid (CSF)|Cervical Swab|Endotracheal (ET) Aspirate|Faeces|Fine Needle Aspirate (FNA)|Food (Cooked)|Food (Raw)|Gastric Aspirate|Genital Swab|High Vaginal Swab|IDC|In/Out Urine|Isolate|Low Vaginal Swab|Lymph Node|MSU|Nasopharyngeal Aspirate (NPA)|Nasopharyngeal Swab|Oropharyngeal Swab|Pericardial Effusion|Pericardial Fluid|Peritoneal Fluid|Pus/Wound Swab|Sputum|Stool|Throat Swab|Tissue|Tongue Swab|Ulcer Swab|Urethral Swab|Urine|Water (Treated)|Water (Untreated - Raw)|Whole Blood,Tetracycline TE|Tetracycline TE Zone Diameter mm,Y,64,Tetracycline (TE) 30µg
TOB 10ug disc,Biopsy|Blood Culture|Bronchial Aspirate|Bronchial Lavage|Cerebrospinal Fluid (CSF)|Cervical Swab|Endotracheal (ET) Aspirate|Faeces|Fine Needle Aspirate (FNA)|Food (Cooked)|Food (Raw)|Gastric Aspirate|Genital Swab|High Vaginal Swab|IDC|In/Out Urine|Isolate|Low Vaginal Swab|Lymph Node|MSU|Nasopharyngeal Aspirate (NPA)|Nasopharyngeal Swab|Oropharyngeal Swab|Pericardial Effusion|Pericardial Fluid|Peritoneal Fluid|Pus/Wound Swab|Sputum|Stool|Throat Swab|Tissue|Tongue Swab|Ulcer Swab|Urethral Swab|Urine|Water (Treated)|Water (Untreated - Raw)|Whole Blood,Tobramycin TOB|Tobramycin TOB Zone Diameter mm,Y,65,Tobramycin (TOB) 10µg
SXT 25ug disc,Biopsy|Blood Culture|Bronchial Aspirate|Bronchial Lavage|Cerebrospinal Fluid (CSF)|Cervical Swab|Endotracheal (ET) Aspirate|Faeces|Fine Needle Aspirate (FNA)|Food (Cooked)|Food (Raw)|Gastric Aspirate|Genital Swab|High Vaginal Swab|IDC|In/Out Urine|Isolate|Low Vaginal Swab|Lymph Node|MSU|Nasopharyngeal Aspirate (NPA)|Nasopharyngeal Swab|Oropharyngeal Swab|Pericardial Effusion|Pericardial Fluid|Peritoneal Fluid|Pus/Wound Swab|Sputum|Stool|Throat Swab|Tissue|Tongue Swab|Ulcer Swab|Urethral Swab|Urine|Water (Treated)|Water (Untreated - Raw)|Whole Blood,Trimethoprim-sulfamethoxazole SXT|Trimethoprim-sulfamethoxazole SXT Zone Diameter mm,Y,66,Trimethoprim-sulfamethoxazole (SXT) 25µg
Vancomycin (VA) 5µg,Biopsy|Blood Culture|Bronchial Aspirate|Bronchial Lavage|Cerebrospinal Fluid (CSF)|Cervical Swab|Endotracheal (ET) Aspirate|Faeces|Fine Needle Aspirate (FNA)|Food (Cooked)|Food (Raw)|Gastric Aspirate|Genital Swab|High Vaginal Swab|IDC|In/Out Urine|Isolate|Low Vaginal Swab|Lymph Node|MSU|Nasopharyngeal Aspirate (NPA)|Nasopharyngeal Swab|Oropharyngeal Swab|Pericardial Effusion|Pericardial Fluid|Peritoneal Fluid|Pus/Wound Swab|Sputum|Stool|Throat Swab|Tissue|Tongue Swab|Ulcer Swab|Urethral Swab|Urine|Water (Treated)|Water (Untreated - Raw)|Whole Blood,Vancomycin VA|Vancomycin VA Zone Diameter mm,Y,67,Vancomycin (VA) 5µg
WGS MTBC Report,Biopsy|Bronchial Aspirate|Bronchial Lavage|Cerebrospinal Fluid (CSF)|Concentrated Sediment|Endotracheal (ET) Aspirate|Faeces|Fine Needle Aspirate (FNA)|Gastric Aspirate|Isolate|Lymph Node|Nasopharyngeal Aspirate (NPA)|Pericardial Effusion|Pericardial Fluid|Peritoneal Fluid|Pleural Effusion|Pleural Fluid|Sputum|Stool|Tissue|Tongue Swab|Urine|Whole Blood,Amikacin - Resistance Gene/Mutation|Amikacin - WHO Interpretation|Bedaquiline - Resistance Gene/Mutation|Bedaquiline - WHO Interpretation|Capreomycin - Resistance Gene/Mutation|Capreomycin - WHO Interpretation|Clofazimine - Resistance Gene/Mutation|Clofazimine - WHO Interpretation|Delamanid - Resistance Gene/Mutation|Delamanid - WHO Interpretation|Ethambutol - Resistance Gene/Mutation|Ethambutol - WHO Interpretation|Ethionamide - Resistance Gene/Mutation|Ethionamide - WHO Interpretation|Isoniazid - Resistance Gene/Mutation|Isoniazid - WHO Interpretation|Kanamycin - Resistance Gene/Mutation|Kanamycin - WHO Interpretation|Levofloxacin - Resistance Gene/Mutation|Levofloxacin - WHO Interpretation|Linezolid - Resistance Gene/Mutation|Linezolid - WHO Interpretation|Moxifloxacin - Resistance Gene/Mutation|Moxifloxacin - WHO Interpretation|Pretomanid - Resistance Gene/Mutation|Pretomanid - WHO Interpretation|Pyrazinamide - Resistance Gene/Mutation|Pyrazinamide - WHO Interpretation|Rifampicin - Resistance Gene/Mutation|Rifampicin - WHO Interpretation|Streptomycin - Resistance Gene/Mutation|Streptomycin - WHO Interpretation|WGS Lineage|WGS Species|WGS Spoligotype,Y,68,WGS MTBC Report
Xpert HIV-1 VL,Plasma|Whole Blood,,Y,69,Xpert HIV-1 VL
Xpert MTB/XDR,Cerebrospinal Fluid (CSF)|Concentrated Sediment|Faeces|Fine Needle Aspirate (FNA)|Gastric Aspirate|Isolate|Lymph Node|Sputum|Stool,,Y,70,Xpert MTB/XDR
genesig PLEX Mpox,Pus/Wound Swab|Ulcer Swab,MPOX CLADE|Mpox Ia Ct Value|Mpox Ib Ct Value|Mpox IC Ct Value|Mpox II Ct Value|MPOX RT-PCR,Y,71,genesig PLEX Mpox
