localeCode,displayName,isActive,isFallback,sortOrder
# ============================================================================
# SUPPORTED LOCALES CONFIGURATION
# ============================================================================
# This file defines the supported languages/locales for the application.
# - localeCode: BCP 47 language tag (e.g., en, fr, es, en-US, fr-CA)
# - displayName: Human-readable name shown in UI dropdowns
# - isActive: Y/N - whether this locale is available for selection
# - isFallback: Y/N - the default locale used when translation is missing (only one should be Y)
# - sortOrder: Display order in dropdowns (lower numbers appear first)
# ============================================================================
# PNG: English (Papua New Guinea) is the fallback locale and listed first; plain
# English is also offered. en-PG uses the hyphenated BCP 47 form so the backend
# fallback chain resolves en-PG -> en for any value not stored under en-PG.
# French, Spanish and Indonesian stay listed as inactive so a server that
# previously had them switched on gets them switched off on reload.
en-PG,English (Papua New Guinea),Y,Y,1
en,English,Y,N,2
fr,Français,N,N,3
es,Español,N,N,4
id,Indonesia,N,N,5
